{
    "prepare_queue": {
        "installed": [],
        "uninstalled": []
    },
    "config_munge": {
        "files": {
            "config.xml": {
                "parents": {
                    "/*": [
                        {
                            "xml": "<feature name=\"Console\"><param name=\"ios-package\" value=\"CDVLogger\" /></feature>",
                            "count": 1
                        },
                        {
                            "xml": "<feature name=\"Device\"><param name=\"ios-package\" value=\"CDVDevice\" /></feature>",
                            "count": 1
                        },
                        {
                            "xml": "<feature name=\"SplashScreen\"><param name=\"ios-package\" value=\"CDVSplashScreen\" /><param name=\"onload\" value=\"true\" /></feature>",
                            "count": 1
                        },
                        {
                            "xml": "<feature name=\"Notification\"><param name=\"ios-package\" value=\"CDVNotification\" /></feature>",
                            "count": 1
                        }
                    ]
                }
            }
        }
    },
    "installed_plugins": {
        "cordova-plugin-console": {
            "PACKAGE_NAME": "com.Dutchtest"
        },
        "cordova-plugin-device": {
            "PACKAGE_NAME": "com.Dutchtest"
        },
        "cordova-plugin-splashscreen": {
            "PACKAGE_NAME": "com.Dutchtest"
        },
        "cordova-plugin-whitelist": {
            "PACKAGE_NAME": "com.Dutchtest"
        },
        "cordova-plugin-dialogs": {
            "PACKAGE_NAME": "com.Dutchtest"
        }
    },
    "dependent_plugins": {},
    "modules": [
        {
            "file": "plugins/cordova-plugin-console/www/console-via-logger.js",
            "id": "cordova-plugin-console.console",
            "pluginId": "cordova-plugin-console",
            "clobbers": [
                "console"
            ]
        },
        {
            "file": "plugins/cordova-plugin-console/www/logger.js",
            "id": "cordova-plugin-console.logger",
            "pluginId": "cordova-plugin-console",
            "clobbers": [
                "cordova.logger"
            ]
        },
        {
            "file": "plugins/cordova-plugin-device/www/device.js",
            "id": "cordova-plugin-device.device",
            "pluginId": "cordova-plugin-device",
            "clobbers": [
                "device"
            ]
        },
        {
            "file": "plugins/cordova-plugin-splashscreen/www/splashscreen.js",
            "id": "cordova-plugin-splashscreen.SplashScreen",
            "pluginId": "cordova-plugin-splashscreen",
            "clobbers": [
                "navigator.splashscreen"
            ]
        },
        {
            "file": "plugins/cordova-plugin-dialogs/www/notification.js",
            "id": "cordova-plugin-dialogs.notification",
            "pluginId": "cordova-plugin-dialogs",
            "merges": [
                "navigator.notification"
            ]
        }
    ],
    "plugin_metadata": {
        "cordova-plugin-console": "1.0.3",
        "cordova-plugin-device": "1.1.2",
        "cordova-plugin-splashscreen": "3.2.2",
        "cordova-plugin-whitelist": "1.2.2",
        "cordova-plugin-dialogs": "1.2.1"
    }
}